<?xml version="1.0" encoding="UTF-8" ?>
<module>
	<name>peripltracker</name>
	<displayName><![CDATA[Peripl Tracker]]></displayName>
	<version><![CDATA[1.1.1]]></version>
	<description><![CDATA[Suit les visites de pages par des bots IA et envoie les donn&eacute;es en mode &laquo; fire and forget &raquo; &agrave; Peripl.]]></description>
	<author><![CDATA[Peripl]]></author>
	<tab><![CDATA[analytics_stats]]></tab>
	<confirmUninstall><![CDATA[Êtes-vous sûr de vouloir désinstaller ?]]></confirmUninstall>
	<is_configurable>1</is_configurable>
	<need_instance>0</need_instance>
	<limited_countries></limited_countries>
</module>